<?xml version="1.0"?>
<!DOCTYPE hibernate-mapping PUBLIC "-//Hibernate/Hibernate Mapping DTD 3.0//EN"
"http://hibernate.sourceforge.net/hibernate-mapping-3.0.dtd">
<!-- Generated Feb 7, 2014 10:47:36 PM by Hibernate Tools 3.4.0.CR1 -->
<hibernate-mapping>
    <class name="com.tom.VendingMachine.MiniFigurineCapsule" table="MINIFIGURINECAPSULE">
        <id name="capsuleId" type="int">
            <column name="CAPSULEID" />
            <generator class="increment" />
        </id>
        <many-to-one name="figurine" class="com.tom.VendingMachine.MiniFigurine" 
        fetch="join" cascade="all">
            <column name="FIGURINEID" />
        </many-to-one>
        <property name="color" column="COLOR" />
    </class>
</hibernate-mapping>
